CustomerID,Age,Tenure,MonthlySpend,ServiceCalls,ContractType,HasInternet,IsPremium,Churn
1000,64.0,,,11.0,Yearly,Yes,No,0
1001,37.0,30.0,471.0,2.0,Yearly,No,Yes,0
1002,78.0,50.0,390.0,10.0,Monthly,No,Yes,0
1003,55.0,15.0,433.0,15.0,Monthly,No,No,0
1004,80.0,31.0,32.0,11.0,Yearly,No,Yes,0
1005,71.0,51.0,197.0,,Yearly,Yes,No,0
1006,48.0,51.0,232.0,13.0,Monthly,Yes,Yes,0
1007,72.0,68.0,175.0,11.0,Yearly,No,No,0
1008,64.0,23.0,51.0,6.0,Monthly,Yes,Yes,0
1009,76.0,,197.0,8.0,Yearly,No,No,0
1010,68.0,7.0,220.0,,Yearly,No,No,1
1011,28.0,40.0,58.0,8.0,Yearly,Yes,Yes,0
1012,39.0,29.0,426.0,4.0,Yearly,No,Yes,0
1013,66.0,65.0,90.0,4.0,Yearly,No,Yes,0
1014,40.0,,454.0,,Yearly,No,Yes,0
1015,74.0,46.0,185.0,6.0,Yearly,Yes,Yes,0
1016,25.0,37.0,345.0,,Yearly,Yes,Yes,0
1017,38.0,72.0,,14.0,Yearly,Yes,No,0
1018,41.0,65.0,302.0,15.0,Monthly,Yes,Yes,0
1019,79.0,43.0,171.0,9.0,Yearly,No,No,0
1020,,68.0,101.0,11.0,Yearly,Yes,Yes,0
1021,51.0,48.0,427.0,1.0,Yearly,No,Yes,0
1022,46.0,39.0,221.0,8.0,Monthly,No,Yes,0
1023,65.0,4.0,396.0,15.0,Yearly,No,No,1
1024,26.0,57.0,340.0,,Yearly,Yes,No,0
1025,18.0,31.0,483.0,3.0,Monthly,No,No,0
1026,63.0,43.0,449.0,,Monthly,Yes,Yes,0
1027,,12.0,309.0,9.0,Monthly,No,Yes,0
1028,65.0,20.0,340.0,8.0,Monthly,Yes,Yes,0
1029,20.0,7.0,86.0,13.0,Yearly,Yes,Yes,1
1030,49.0,,47.0,6.0,Monthly,No,No,0
1031,61.0,56.0,323.0,12.0,Monthly,Yes,Yes,0
1032,69.0,44.0,,13.0,Yearly,No,Yes,0
1033,66.0,2.0,470.0,10.0,Monthly,Yes,Yes,1
1034,54.0,42.0,32.0,12.0,Monthly,Yes,Yes,0
1035,27.0,21.0,194.0,11.0,Monthly,Yes,No,0
1036,71.0,,485.0,13.0,Monthly,Yes,Yes,1
1037,62.0,26.0,220.0,14.0,Monthly,No,Yes,0
1038,30.0,61.0,422.0,14.0,Yearly,No,Yes,0
1039,21.0,33.0,,13.0,Yearly,Yes,No,0
1040,,1.0,222.0,13.0,Yearly,Yes,No,1
1041,53.0,20.0,385.0,,Monthly,Yes,No,0
1042,76.0,9.0,110.0,12.0,Monthly,No,Yes,1
1043,38.0,33.0,256.0,1.0,Yearly,Yes,No,0
1044,,42.0,426.0,1.0,Monthly,Yes,Yes,0
1045,,27.0,246.0,12.0,Monthly,No,Yes,0
1046,66.0,4.0,463.0,7.0,Monthly,Yes,Yes,1
1047,,12.0,466.0,5.0,Monthly,Yes,Yes,0
1048,53.0,62.0,373.0,6.0,Yearly,No,Yes,0
1049,33.0,1.0,352.0,7.0,Monthly,No,No,1
1050,62.0,21.0,,12.0,Monthly,Yes,Yes,0
1051,52.0,55.0,44.0,2.0,Yearly,Yes,Yes,0
1052,28.0,46.0,59.0,14.0,Yearly,Yes,No,0
1053,46.0,23.0,432.0,3.0,Yearly,Yes,Yes,0
1054,23.0,5.0,217.0,8.0,Yearly,No,No,1
1055,35.0,56.0,179.0,9.0,Yearly,Yes,No,0
1056,37.0,22.0,475.0,4.0,Monthly,Yes,No,0
1057,77.0,66.0,56.0,2.0,Monthly,Yes,Yes,0
1058,65.0,72.0,,12.0,Monthly,Yes,Yes,0
1059,69.0,49.0,350.0,,Yearly,No,No,0
1060,47.0,40.0,76.0,9.0,Monthly,No,Yes,0
1061,34.0,30.0,295.0,10.0,Monthly,Yes,Yes,0
1062,20.0,14.0,488.0,13.0,Monthly,No,Yes,0
1063,51.0,29.0,196.0,0.0,Yearly,Yes,No,0
1064,22.0,54.0,451.0,8.0,Yearly,No,No,0
1065,28.0,20.0,434.0,4.0,Yearly,No,No,0
1066,36.0,64.0,338.0,4.0,Monthly,Yes,Yes,0
1067,39.0,13.0,465.0,15.0,Yearly,No,Yes,0
1068,25.0,52.0,313.0,3.0,Monthly,No,No,0
1069,48.0,40.0,54.0,3.0,Monthly,Yes,No,0
1070,55.0,70.0,,2.0,Yearly,No,Yes,0
1071,30.0,66.0,420.0,,Yearly,No,No,0
1072,65.0,15.0,238.0,10.0,Monthly,Yes,Yes,0
1073,27.0,14.0,113.0,7.0,Monthly,No,Yes,0
1074,78.0,12.0,188.0,4.0,Monthly,No,Yes,0
1075,34.0,17.0,250.0,4.0,Yearly,Yes,Yes,0
1076,30.0,58.0,,12.0,Yearly,No,No,0
1077,32.0,27.0,59.0,11.0,Yearly,Yes,No,0
1078,,28.0,99.0,1.0,Yearly,No,Yes,0
1079,53.0,,404.0,,Yearly,Yes,Yes,0
1080,30.0,33.0,85.0,7.0,Yearly,No,No,0
1081,35.0,3.0,308.0,15.0,Monthly,No,Yes,1
1082,53.0,29.0,253.0,1.0,Monthly,No,No,0
1083,47.0,19.0,280.0,14.0,Monthly,No,Yes,0
1084,75.0,56.0,352.0,1.0,Yearly,No,No,0
1085,24.0,50.0,421.0,13.0,Monthly,Yes,Yes,0
1086,48.0,42.0,472.0,10.0,Yearly,No,Yes,0
1087,71.0,59.0,188.0,12.0,Yearly,No,Yes,0
1088,58.0,,127.0,13.0,Yearly,No,Yes,0
1089,60.0,51.0,119.0,2.0,Monthly,No,Yes,0
1090,46.0,,408.0,5.0,Monthly,Yes,Yes,0
1091,47.0,64.0,483.0,,Yearly,No,Yes,0
1092,61.0,5.0,,10.0,Yearly,Yes,No,1
1093,31.0,40.0,374.0,6.0,Monthly,Yes,No,0
1094,24.0,8.0,275.0,7.0,Monthly,No,Yes,1
1095,53.0,13.0,356.0,10.0,Yearly,Yes,Yes,0
1096,49.0,40.0,139.0,,Yearly,No,Yes,0
1097,37.0,5.0,341.0,13.0,Yearly,No,No,1
1098,42.0,,328.0,14.0,Monthly,Yes,Yes,0
1099,39.0,,494.0,2.0,Yearly,No,No,0
1100,65.0,36.0,485.0,7.0,Monthly,Yes,Yes,0
1101,,61.0,,,Monthly,Yes,Yes,0
1102,24.0,36.0,161.0,8.0,Monthly,No,No,0
1103,19.0,59.0,435.0,,Monthly,Yes,No,0
1104,51.0,46.0,318.0,5.0,Yearly,Yes,Yes,0
1105,77.0,31.0,406.0,3.0,Monthly,Yes,Yes,0
1106,42.0,37.0,178.0,5.0,Yearly,No,Yes,0
1107,76.0,4.0,106.0,,Yearly,No,Yes,1
1108,31.0,1.0,415.0,0.0,Monthly,Yes,No,0
1109,71.0,71.0,495.0,13.0,Yearly,Yes,Yes,0
1110,23.0,10.0,205.0,2.0,Yearly,No,Yes,0
1111,56.0,66.0,,3.0,Monthly,Yes,No,0
1112,69.0,13.0,62.0,6.0,Yearly,Yes,No,0
1113,55.0,42.0,352.0,3.0,Yearly,Yes,No,0
1114,55.0,48.0,,6.0,Yearly,Yes,Yes,0
1115,,50.0,88.0,6.0,Monthly,Yes,Yes,0
1116,,31.0,441.0,6.0,Yearly,No,No,0
1117,62.0,66.0,,9.0,Monthly,No,No,0
1118,56.0,52.0,446.0,9.0,Yearly,No,No,0
1119,71.0,16.0,185.0,0.0,Monthly,Yes,No,0
1120,70.0,44.0,337.0,4.0,Yearly,Yes,No,0
1121,41.0,38.0,360.0,13.0,Monthly,Yes,No,0
1122,77.0,54.0,445.0,12.0,Yearly,Yes,Yes,0
1123,,42.0,135.0,8.0,Yearly,Yes,No,0
1124,21.0,,162.0,14.0,Yearly,No,Yes,0
1125,55.0,66.0,457.0,1.0,Monthly,No,Yes,0
1126,58.0,70.0,349.0,6.0,Yearly,No,Yes,0
1127,50.0,18.0,75.0,4.0,Monthly,Yes,No,0
1128,63.0,,426.0,12.0,Monthly,Yes,Yes,0
1129,65.0,62.0,342.0,14.0,Monthly,Yes,Yes,0
1130,59.0,46.0,363.0,3.0,Monthly,No,No,0
1131,19.0,46.0,207.0,,Yearly,No,Yes,0
1132,56.0,55.0,135.0,15.0,Yearly,No,Yes,0
1133,65.0,37.0,166.0,15.0,Yearly,No,Yes,0
1134,61.0,60.0,189.0,9.0,Yearly,Yes,Yes,0
1135,29.0,62.0,46.0,5.0,Yearly,Yes,No,0
1136,24.0,36.0,114.0,15.0,Monthly,Yes,No,0
1137,42.0,6.0,101.0,5.0,Yearly,No,No,0
1138,,40.0,315.0,5.0,Yearly,No,Yes,0
1139,31.0,13.0,,2.0,Yearly,Yes,No,0
1140,27.0,21.0,284.0,0.0,Yearly,No,No,0
1141,51.0,36.0,201.0,3.0,Yearly,No,No,0
1142,46.0,56.0,,4.0,Monthly,Yes,No,0
1143,33.0,33.0,237.0,13.0,Monthly,Yes,No,0
1144,70.0,,372.0,8.0,Yearly,No,No,0
1145,22.0,6.0,407.0,13.0,Monthly,No,No,1
1146,60.0,48.0,,3.0,Monthly,Yes,Yes,0
1147,28.0,7.0,257.0,,Monthly,Yes,Yes,1
1148,23.0,69.0,477.0,14.0,Monthly,No,Yes,0
1149,37.0,16.0,277.0,5.0,Yearly,Yes,No,0
1150,77.0,67.0,,13.0,Yearly,Yes,Yes,0
1151,38.0,13.0,87.0,0.0,Monthly,Yes,No,0
1152,51.0,,137.0,11.0,Yearly,No,No,0
1153,52.0,2.0,230.0,2.0,Yearly,No,Yes,0
1154,63.0,25.0,140.0,13.0,Monthly,No,Yes,0
1155,51.0,69.0,414.0,11.0,Yearly,Yes,No,0
1156,29.0,,66.0,,Yearly,No,Yes,0
1157,56.0,4.0,135.0,15.0,Yearly,No,Yes,1
1158,30.0,5.0,420.0,7.0,Yearly,Yes,Yes,1
1159,64.0,51.0,21.0,11.0,Yearly,No,Yes,0
1160,,33.0,,,Yearly,Yes,No,0
1161,63.0,,30.0,13.0,Yearly,Yes,Yes,1
1162,74.0,2.0,440.0,6.0,Yearly,Yes,No,1
1163,,10.0,295.0,15.0,Yearly,Yes,Yes,1
1164,33.0,50.0,198.0,14.0,Monthly,No,Yes,0
1165,79.0,30.0,155.0,5.0,Monthly,Yes,No,0
1166,40.0,25.0,74.0,4.0,Yearly,No,No,0
1167,31.0,44.0,119.0,2.0,Yearly,Yes,Yes,0
1168,21.0,53.0,,13.0,Yearly,No,No,0
1169,,16.0,313.0,4.0,Yearly,Yes,No,0
1170,33.0,54.0,118.0,14.0,Monthly,No,Yes,0
1171,56.0,12.0,165.0,9.0,Monthly,No,Yes,0
1172,54.0,46.0,395.0,8.0,Yearly,Yes,No,0
1173,29.0,36.0,127.0,5.0,Monthly,Yes,Yes,0
1174,32.0,49.0,493.0,12.0,Monthly,No,Yes,0
1175,,,68.0,1.0,Monthly,Yes,No,0
1176,36.0,66.0,381.0,1.0,Yearly,No,Yes,0
1177,47.0,35.0,,1.0,Monthly,Yes,Yes,0
1178,78.0,55.0,334.0,12.0,Monthly,No,No,0
1179,37.0,68.0,48.0,8.0,Yearly,No,No,0
1180,68.0,12.0,444.0,5.0,Yearly,Yes,Yes,0
1181,76.0,16.0,108.0,8.0,Yearly,Yes,No,0
1182,51.0,55.0,272.0,6.0,Monthly,Yes,No,0
1183,,44.0,188.0,1.0,Yearly,Yes,No,0
1184,63.0,3.0,344.0,1.0,Yearly,No,Yes,0
1185,38.0,31.0,133.0,,Yearly,No,Yes,0
1186,78.0,15.0,53.0,1.0,Yearly,No,Yes,0
1187,,47.0,423.0,10.0,Yearly,No,No,0
1188,27.0,36.0,417.0,13.0,Monthly,Yes,Yes,0
1189,42.0,9.0,,6.0,Yearly,Yes,Yes,1
1190,70.0,29.0,464.0,12.0,Monthly,No,No,0
1191,50.0,65.0,382.0,9.0,Yearly,No,Yes,0
1192,18.0,10.0,228.0,15.0,Yearly,No,Yes,1
1193,68.0,11.0,,3.0,Monthly,No,No,0
1194,76.0,65.0,179.0,5.0,Monthly,No,No,0
1195,55.0,70.0,275.0,14.0,Monthly,No,Yes,0
1196,48.0,25.0,483.0,,Monthly,No,No,0
1197,64.0,71.0,454.0,4.0,Monthly,Yes,No,0
1198,80.0,23.0,254.0,2.0,Yearly,No,Yes,0
1199,48.0,8.0,48.0,3.0,Monthly,No,Yes,0
1200,22.0,38.0,141.0,1.0,Monthly,No,Yes,0
1201,23.0,14.0,230.0,11.0,Monthly,Yes,No,0
1202,40.0,21.0,286.0,4.0,Monthly,Yes,No,0
1203,76.0,62.0,343.0,9.0,Yearly,Yes,No,0
1204,75.0,29.0,83.0,1.0,Yearly,Yes,Yes,0
1205,,,133.0,5.0,Yearly,No,Yes,0
1206,24.0,,236.0,7.0,Monthly,Yes,No,0
1207,37.0,25.0,,1.0,Yearly,No,No,0
1208,47.0,9.0,363.0,6.0,Yearly,No,Yes,1
1209,70.0,1.0,147.0,8.0,Monthly,Yes,Yes,1
1210,33.0,30.0,140.0,10.0,Yearly,Yes,No,0
1211,77.0,62.0,438.0,13.0,Yearly,No,No,0
1212,21.0,68.0,496.0,5.0,Monthly,Yes,No,0
1213,67.0,59.0,309.0,0.0,Monthly,Yes,Yes,0
1214,40.0,71.0,358.0,2.0,Monthly,No,Yes,0
1215,20.0,20.0,392.0,12.0,Monthly,Yes,Yes,0
1216,,60.0,45.0,7.0,Yearly,No,No,0
1217,61.0,57.0,168.0,3.0,Yearly,No,No,0
1218,43.0,9.0,,2.0,Yearly,Yes,Yes,0
1219,63.0,5.0,,5.0,Yearly,No,No,0
1220,43.0,67.0,,,Monthly,Yes,Yes,0
1221,37.0,48.0,35.0,7.0,Monthly,Yes,Yes,0
1222,51.0,16.0,167.0,4.0,Monthly,Yes,No,0
1223,60.0,53.0,265.0,1.0,Monthly,Yes,No,0
1224,66.0,66.0,100.0,1.0,Monthly,Yes,No,0
1225,48.0,49.0,88.0,3.0,Monthly,Yes,No,0
1226,44.0,69.0,110.0,5.0,Monthly,Yes,Yes,0
1227,63.0,34.0,233.0,9.0,Monthly,No,No,0
1228,68.0,38.0,,9.0,Monthly,No,No,0
1229,74.0,40.0,210.0,15.0,Monthly,No,Yes,0
1230,67.0,19.0,391.0,11.0,Yearly,Yes,No,0
1231,,1.0,404.0,14.0,Monthly,Yes,No,1
1232,79.0,32.0,366.0,5.0,Monthly,Yes,Yes,0
1233,35.0,47.0,,15.0,Monthly,Yes,Yes,0
1234,24.0,21.0,444.0,,Yearly,No,Yes,0
1235,63.0,5.0,339.0,7.0,Yearly,No,Yes,1
1236,,32.0,449.0,9.0,Yearly,No,No,0
1237,19.0,62.0,185.0,7.0,Yearly,No,No,0
1238,25.0,,181.0,9.0,Monthly,No,No,0
1239,34.0,32.0,,5.0,Monthly,No,Yes,0
1240,65.0,62.0,55.0,0.0,Monthly,No,No,0
1241,70.0,,500.0,8.0,Monthly,Yes,No,0
1242,37.0,72.0,212.0,15.0,Monthly,Yes,No,0
1243,61.0,64.0,115.0,8.0,Yearly,Yes,No,0
1244,51.0,6.0,,14.0,Yearly,Yes,No,1
1245,,12.0,285.0,9.0,Monthly,Yes,No,0
1246,57.0,70.0,140.0,15.0,Monthly,Yes,Yes,0
1247,42.0,28.0,331.0,15.0,Yearly,No,Yes,0
1248,73.0,46.0,139.0,9.0,Monthly,Yes,Yes,0
1249,36.0,36.0,414.0,5.0,Monthly,Yes,No,0
1250,,55.0,381.0,,Monthly,Yes,No,0
1251,36.0,,426.0,6.0,Yearly,Yes,Yes,1
1252,,56.0,428.0,2.0,Monthly,Yes,No,0
1253,22.0,61.0,483.0,,Monthly,No,No,0
1254,20.0,54.0,167.0,10.0,Monthly,No,Yes,0
1255,,6.0,354.0,11.0,Monthly,No,No,1
1256,,61.0,302.0,11.0,Yearly,No,No,0
1257,66.0,9.0,433.0,0.0,Monthly,Yes,No,0
1258,48.0,59.0,235.0,2.0,Yearly,No,No,0
1259,78.0,71.0,294.0,5.0,Yearly,Yes,No,0
1260,,62.0,332.0,12.0,Yearly,Yes,Yes,0
1261,60.0,54.0,225.0,12.0,Yearly,No,Yes,0
1262,18.0,71.0,289.0,2.0,Monthly,Yes,Yes,0
1263,25.0,36.0,212.0,15.0,Yearly,Yes,No,0
1264,,4.0,175.0,10.0,Yearly,No,No,1
1265,75.0,25.0,184.0,7.0,Monthly,No,Yes,0
1266,34.0,71.0,108.0,5.0,Yearly,Yes,Yes,0
1267,70.0,20.0,186.0,5.0,Monthly,Yes,Yes,0
1268,37.0,17.0,259.0,0.0,Yearly,No,Yes,0
1269,21.0,28.0,450.0,15.0,Yearly,No,No,0
1270,,24.0,180.0,14.0,Yearly,No,Yes,0
1271,77.0,,283.0,4.0,Monthly,No,No,0
1272,31.0,26.0,56.0,6.0,Monthly,No,Yes,0
1273,37.0,19.0,182.0,11.0,Monthly,No,Yes,0
1274,,33.0,468.0,0.0,Yearly,Yes,Yes,0
1275,,6.0,286.0,9.0,Monthly,Yes,Yes,1
1276,33.0,61.0,76.0,5.0,Monthly,Yes,No,0
1277,55.0,40.0,140.0,2.0,Monthly,Yes,No,0
1278,58.0,30.0,,1.0,Monthly,Yes,No,0
1279,57.0,47.0,131.0,9.0,Monthly,Yes,Yes,0
1280,68.0,69.0,,2.0,Yearly,Yes,Yes,0
1281,58.0,3.0,307.0,13.0,Monthly,Yes,No,1
1282,31.0,11.0,147.0,1.0,Monthly,No,No,0
1283,72.0,72.0,399.0,,Monthly,Yes,Yes,0
1284,50.0,72.0,439.0,15.0,Monthly,Yes,Yes,0
1285,72.0,30.0,452.0,8.0,Yearly,No,No,0
1286,56.0,48.0,484.0,9.0,Monthly,No,No,0
1287,28.0,7.0,290.0,11.0,Yearly,No,No,1
1288,53.0,39.0,298.0,13.0,Yearly,No,Yes,0
1289,42.0,,155.0,7.0,Yearly,No,No,1
1290,54.0,,301.0,,Yearly,Yes,Yes,0
1291,54.0,1.0,388.0,11.0,Yearly,No,Yes,1
1292,39.0,1.0,381.0,11.0,Monthly,Yes,Yes,1
1293,52.0,1.0,207.0,14.0,Monthly,No,No,1
1294,56.0,,456.0,7.0,Yearly,No,No,0
1295,20.0,,438.0,14.0,Yearly,Yes,No,1
1296,43.0,33.0,278.0,10.0,Yearly,Yes,No,0
1297,36.0,46.0,79.0,14.0,Yearly,No,No,0
1298,62.0,32.0,277.0,15.0,Yearly,No,No,0
1299,56.0,,111.0,1.0,Monthly,No,No,0
1300,28.0,39.0,232.0,3.0,Yearly,Yes,No,0
1301,,51.0,144.0,7.0,Yearly,No,No,0
1302,48.0,66.0,473.0,1.0,Yearly,Yes,No,0
1303,36.0,6.0,,8.0,Yearly,Yes,Yes,1
1304,,4.0,208.0,4.0,Monthly,No,Yes,0
1305,,33.0,,13.0,Yearly,Yes,No,0
1306,77.0,27.0,104.0,14.0,Yearly,Yes,No,0
1307,40.0,2.0,400.0,8.0,Yearly,Yes,Yes,1
1308,26.0,,,5.0,Monthly,No,Yes,0
1309,36.0,50.0,249.0,8.0,Yearly,Yes,No,0
1310,80.0,66.0,107.0,9.0,Yearly,No,Yes,0
1311,69.0,21.0,161.0,14.0,Yearly,Yes,No,0
1312,67.0,49.0,,9.0,Yearly,Yes,Yes,0
1313,41.0,17.0,415.0,12.0,Yearly,Yes,Yes,0
1314,46.0,35.0,471.0,15.0,Yearly,No,Yes,0
1315,41.0,40.0,33.0,,Monthly,No,Yes,0
1316,23.0,,110.0,,Monthly,Yes,No,0
1317,72.0,24.0,100.0,9.0,Monthly,No,Yes,0
1318,56.0,54.0,175.0,6.0,Yearly,No,Yes,0
1319,,26.0,,0.0,Yearly,Yes,No,0
1320,51.0,39.0,314.0,3.0,Yearly,Yes,No,0
1321,40.0,24.0,199.0,0.0,Monthly,No,No,0
1322,59.0,66.0,175.0,15.0,Yearly,Yes,No,0
1323,57.0,22.0,,9.0,Monthly,Yes,No,0
1324,23.0,,41.0,7.0,Monthly,Yes,Yes,0
1325,20.0,19.0,363.0,12.0,Monthly,No,Yes,0
1326,71.0,47.0,359.0,10.0,Yearly,No,Yes,0
1327,64.0,23.0,249.0,12.0,Yearly,Yes,Yes,0
1328,78.0,26.0,474.0,2.0,Yearly,Yes,No,0
1329,30.0,,163.0,10.0,Yearly,Yes,Yes,0
1330,66.0,49.0,64.0,12.0,Monthly,No,No,0
1331,60.0,,,6.0,Monthly,Yes,No,0
1332,58.0,5.0,129.0,10.0,Yearly,No,Yes,1
1333,36.0,48.0,56.0,2.0,Yearly,Yes,Yes,0
1334,37.0,29.0,382.0,3.0,Monthly,Yes,Yes,0
1335,42.0,59.0,446.0,15.0,Yearly,No,Yes,0
1336,18.0,37.0,180.0,7.0,Monthly,Yes,Yes,0
1337,54.0,5.0,354.0,14.0,Yearly,Yes,No,1
1338,73.0,52.0,,1.0,Monthly,No,Yes,0
1339,,3.0,482.0,4.0,Monthly,No,No,0
1340,21.0,47.0,344.0,,Monthly,Yes,Yes,0
1341,34.0,,472.0,4.0,Yearly,Yes,No,0
1342,40.0,54.0,304.0,13.0,Monthly,Yes,No,0
1343,49.0,36.0,,5.0,Monthly,No,Yes,0
1344,44.0,,93.0,2.0,Yearly,No,No,0
1345,26.0,31.0,381.0,12.0,Monthly,No,No,0
1346,25.0,18.0,234.0,8.0,Monthly,No,No,0
1347,19.0,22.0,312.0,12.0,Yearly,No,Yes,0
1348,77.0,7.0,97.0,5.0,Yearly,No,Yes,0
1349,61.0,49.0,,0.0,Yearly,No,No,0
1350,73.0,66.0,336.0,0.0,Yearly,No,Yes,0
1351,39.0,33.0,340.0,,Yearly,No,Yes,0
1352,50.0,56.0,356.0,14.0,Monthly,Yes,No,0
1353,,12.0,463.0,12.0,Yearly,No,No,0
1354,40.0,17.0,221.0,13.0,Monthly,No,No,0
1355,27.0,14.0,321.0,15.0,Monthly,No,No,0
1356,28.0,27.0,46.0,2.0,Monthly,No,Yes,0
1357,18.0,26.0,128.0,4.0,Monthly,Yes,Yes,0
1358,70.0,30.0,446.0,10.0,Yearly,Yes,No,0
1359,38.0,27.0,134.0,,Yearly,No,No,0
1360,62.0,32.0,221.0,5.0,Yearly,No,No,0
1361,77.0,45.0,160.0,3.0,Yearly,Yes,No,0
1362,20.0,11.0,,10.0,Yearly,Yes,Yes,1
1363,62.0,59.0,,9.0,Monthly,No,Yes,0
1364,36.0,12.0,146.0,10.0,Yearly,Yes,No,0
1365,48.0,15.0,249.0,10.0,Monthly,No,Yes,0
1366,22.0,29.0,137.0,11.0,Monthly,No,No,0
1367,19.0,26.0,175.0,9.0,Monthly,No,No,0
1368,70.0,8.0,228.0,8.0,Yearly,No,No,1
1369,69.0,56.0,382.0,14.0,Monthly,Yes,No,0
1370,27.0,72.0,448.0,5.0,Monthly,No,Yes,0
1371,78.0,26.0,29.0,7.0,Yearly,No,Yes,0
1372,74.0,46.0,,10.0,Yearly,No,No,0
1373,45.0,46.0,212.0,1.0,Monthly,Yes,Yes,0
1374,33.0,66.0,,9.0,Monthly,No,No,0
1375,31.0,52.0,490.0,13.0,Monthly,No,Yes,0
1376,32.0,56.0,92.0,15.0,Monthly,Yes,No,0
1377,67.0,2.0,448.0,2.0,Yearly,Yes,No,0
1378,65.0,18.0,270.0,9.0,Yearly,No,No,0
1379,38.0,2.0,127.0,14.0,Yearly,Yes,Yes,1
1380,65.0,18.0,,11.0,Monthly,No,Yes,0
1381,34.0,58.0,48.0,13.0,Monthly,Yes,Yes,0
1382,70.0,52.0,476.0,1.0,Monthly,Yes,No,0
1383,56.0,46.0,129.0,10.0,Monthly,No,Yes,0
1384,62.0,23.0,109.0,14.0,Monthly,Yes,Yes,0
1385,78.0,59.0,161.0,8.0,Yearly,Yes,No,0
1386,60.0,36.0,106.0,,Monthly,Yes,Yes,0
1387,61.0,2.0,221.0,2.0,Yearly,No,Yes,0
1388,43.0,38.0,452.0,,Monthly,No,Yes,0
1389,39.0,48.0,303.0,0.0,Yearly,Yes,Yes,0
1390,23.0,3.0,193.0,7.0,Monthly,No,No,1
1391,19.0,2.0,448.0,0.0,Yearly,No,No,0
1392,,4.0,318.0,4.0,Yearly,No,No,0
1393,63.0,8.0,303.0,9.0,Monthly,No,No,1
1394,48.0,56.0,352.0,15.0,Yearly,Yes,Yes,0
1395,,9.0,22.0,6.0,Monthly,No,No,1
1396,74.0,45.0,180.0,6.0,Monthly,No,Yes,0
1397,,43.0,380.0,12.0,Yearly,Yes,Yes,0
1398,36.0,65.0,95.0,6.0,Monthly,No,Yes,0
1399,67.0,41.0,391.0,6.0,Monthly,No,No,0
1400,58.0,,378.0,8.0,Yearly,Yes,Yes,0
1401,73.0,31.0,299.0,12.0,Yearly,No,Yes,0
1402,50.0,1.0,415.0,9.0,Monthly,No,No,1
1403,34.0,64.0,367.0,6.0,Yearly,Yes,Yes,0
1404,29.0,47.0,,2.0,Yearly,No,No,0
1405,24.0,71.0,321.0,4.0,Monthly,Yes,Yes,0
1406,67.0,16.0,427.0,11.0,Monthly,Yes,No,0
1407,33.0,12.0,331.0,14.0,Monthly,No,No,0
1408,44.0,18.0,188.0,13.0,Yearly,No,No,0
1409,,56.0,364.0,1.0,Monthly,No,Yes,0
1410,23.0,47.0,313.0,14.0,Yearly,No,No,0
1411,41.0,54.0,482.0,12.0,Yearly,Yes,No,0
1412,,,445.0,6.0,Monthly,No,No,0
1413,57.0,7.0,48.0,14.0,Monthly,Yes,No,1
1414,75.0,14.0,305.0,11.0,Monthly,Yes,No,0
1415,42.0,26.0,498.0,1.0,Monthly,No,No,0
1416,34.0,68.0,488.0,1.0,Yearly,Yes,No,0
1417,22.0,62.0,318.0,8.0,Monthly,No,Yes,0
1418,45.0,,431.0,2.0,Yearly,Yes,No,0
1419,,21.0,489.0,15.0,Yearly,Yes,Yes,0
1420,76.0,55.0,400.0,7.0,Monthly,Yes,Yes,0
1421,71.0,,489.0,3.0,Monthly,No,Yes,0
1422,61.0,,353.0,1.0,Monthly,No,Yes,0
1423,75.0,22.0,316.0,0.0,Yearly,Yes,No,0
1424,58.0,25.0,345.0,12.0,Yearly,No,Yes,0
1425,67.0,6.0,129.0,15.0,Monthly,No,No,1
1426,69.0,48.0,481.0,12.0,Monthly,Yes,No,0
1427,65.0,63.0,461.0,15.0,Monthly,No,No,0
1428,60.0,54.0,159.0,4.0,Yearly,Yes,Yes,0
1429,46.0,54.0,,12.0,Yearly,No,Yes,0
1430,55.0,1.0,386.0,3.0,Yearly,Yes,No,0
1431,63.0,26.0,323.0,15.0,Monthly,No,Yes,0
1432,79.0,26.0,76.0,6.0,Monthly,Yes,Yes,0
1433,73.0,12.0,144.0,8.0,Monthly,Yes,No,0
1434,,,361.0,10.0,Monthly,Yes,No,0
1435,62.0,3.0,409.0,10.0,Yearly,Yes,No,1
1436,37.0,48.0,259.0,10.0,Yearly,No,No,0
1437,75.0,36.0,,8.0,Yearly,No,Yes,0
1438,51.0,48.0,416.0,4.0,Monthly,Yes,No,0
1439,79.0,27.0,,10.0,Yearly,Yes,Yes,0
1440,37.0,7.0,414.0,3.0,Yearly,No,No,0
1441,56.0,,,15.0,Yearly,Yes,Yes,1
1442,31.0,14.0,49.0,,Monthly,No,No,0
1443,27.0,26.0,351.0,8.0,Yearly,No,Yes,0
1444,39.0,17.0,290.0,1.0,Monthly,Yes,Yes,0
1445,79.0,58.0,389.0,2.0,Monthly,No,Yes,0
1446,50.0,,192.0,,Yearly,No,No,0
1447,76.0,25.0,201.0,5.0,Monthly,Yes,Yes,0
1448,38.0,45.0,460.0,9.0,Monthly,No,Yes,0
1449,42.0,17.0,389.0,9.0,Yearly,Yes,Yes,0
1450,71.0,36.0,,15.0,Monthly,No,No,0
1451,52.0,31.0,223.0,0.0,Monthly,No,Yes,0
1452,,66.0,,2.0,Monthly,No,No,0
1453,42.0,,278.0,13.0,Monthly,Yes,Yes,0
1454,49.0,22.0,454.0,,Yearly,Yes,Yes,0
1455,27.0,,,13.0,Yearly,Yes,No,0
1456,70.0,10.0,253.0,3.0,Monthly,Yes,No,0
1457,61.0,13.0,163.0,11.0,Monthly,No,Yes,0
1458,42.0,19.0,365.0,,Yearly,Yes,No,0
1459,68.0,28.0,354.0,12.0,Monthly,Yes,Yes,0
1460,18.0,27.0,55.0,7.0,Yearly,Yes,Yes,0
1461,67.0,50.0,496.0,11.0,Monthly,No,Yes,0
1462,26.0,22.0,107.0,11.0,Yearly,Yes,Yes,0
1463,41.0,7.0,,,Monthly,No,No,0
1464,27.0,16.0,130.0,,Monthly,Yes,Yes,0
1465,,54.0,,4.0,Monthly,Yes,Yes,0
1466,77.0,66.0,120.0,4.0,Yearly,No,Yes,0
1467,36.0,61.0,47.0,3.0,Yearly,Yes,No,0
1468,33.0,64.0,283.0,15.0,Monthly,No,Yes,0
1469,56.0,61.0,386.0,14.0,Monthly,No,Yes,0
1470,19.0,40.0,51.0,14.0,Yearly,No,No,0
1471,32.0,4.0,370.0,10.0,Yearly,Yes,No,1
1472,27.0,56.0,181.0,15.0,Yearly,Yes,Yes,0
1473,31.0,25.0,110.0,3.0,Monthly,No,No,0
1474,66.0,,33.0,10.0,Monthly,No,No,0
1475,44.0,23.0,49.0,,Yearly,No,Yes,0
1476,45.0,61.0,239.0,,Yearly,No,No,0
1477,61.0,,170.0,5.0,Monthly,No,No,0
1478,30.0,51.0,171.0,3.0,Monthly,No,No,0
1479,36.0,58.0,308.0,8.0,Yearly,Yes,No,0
1480,53.0,14.0,219.0,14.0,Yearly,No,Yes,0
1481,51.0,66.0,127.0,2.0,Monthly,Yes,No,0
1482,49.0,10.0,202.0,14.0,Monthly,No,Yes,1
1483,25.0,40.0,266.0,13.0,Monthly,No,No,0
1484,39.0,8.0,56.0,,Yearly,Yes,No,1
1485,65.0,15.0,77.0,15.0,Yearly,Yes,No,0
1486,47.0,10.0,,12.0,Monthly,No,No,1
1487,24.0,6.0,446.0,14.0,Yearly,Yes,No,1
1488,79.0,26.0,385.0,1.0,Yearly,No,Yes,0
1489,59.0,,392.0,13.0,Yearly,Yes,Yes,0
1490,19.0,,,,Yearly,Yes,No,0
1491,25.0,35.0,57.0,7.0,Monthly,No,Yes,0
1492,45.0,6.0,339.0,0.0,Monthly,No,No,0
1493,37.0,2.0,401.0,7.0,Monthly,Yes,Yes,1
1494,55.0,9.0,383.0,14.0,Monthly,Yes,No,1
1495,68.0,27.0,258.0,6.0,Monthly,Yes,No,0
1496,50.0,37.0,48.0,6.0,Monthly,No,No,0
1497,59.0,18.0,350.0,,Monthly,No,No,0
1498,69.0,,,10.0,Yearly,No,Yes,0
1499,33.0,22.0,221.0,,Monthly,No,Yes,0
1500,56.0,66.0,,10.0,Yearly,Yes,Yes,0
1501,63.0,53.0,192.0,6.0,Monthly,No,Yes,0
1502,72.0,20.0,68.0,13.0,Yearly,No,No,0
1503,57.0,7.0,258.0,6.0,Monthly,No,Yes,1
1504,79.0,10.0,354.0,6.0,Monthly,Yes,Yes,1
1505,54.0,,61.0,2.0,Monthly,Yes,Yes,0
1506,59.0,,417.0,13.0,Monthly,No,Yes,1
1507,63.0,35.0,499.0,7.0,Yearly,No,No,0
1508,34.0,68.0,472.0,2.0,Yearly,No,Yes,0
1509,59.0,63.0,51.0,,Monthly,No,Yes,0
1510,47.0,40.0,139.0,5.0,Yearly,No,No,0
1511,35.0,69.0,90.0,4.0,Yearly,No,Yes,0
1512,73.0,37.0,324.0,0.0,Yearly,Yes,Yes,0
1513,63.0,44.0,328.0,1.0,Monthly,No,No,0
1514,50.0,54.0,146.0,5.0,Yearly,No,Yes,0
1515,60.0,58.0,115.0,4.0,Yearly,No,No,0
1516,68.0,64.0,186.0,0.0,Yearly,Yes,Yes,0
1517,23.0,28.0,211.0,14.0,Yearly,Yes,No,0
1518,70.0,18.0,187.0,6.0,Yearly,No,Yes,0
1519,30.0,,418.0,11.0,Monthly,Yes,Yes,0
1520,20.0,13.0,147.0,9.0,Monthly,No,Yes,0
1521,,69.0,,4.0,Yearly,Yes,Yes,0
1522,18.0,35.0,374.0,4.0,Monthly,Yes,No,0
1523,32.0,53.0,469.0,,Yearly,Yes,No,0
1524,38.0,12.0,46.0,9.0,Monthly,Yes,No,0
1525,67.0,38.0,,5.0,Monthly,Yes,No,0
1526,56.0,7.0,154.0,10.0,Yearly,No,No,1
1527,,4.0,184.0,8.0,Monthly,Yes,No,1
1528,63.0,30.0,,12.0,Monthly,Yes,No,0
1529,54.0,2.0,252.0,7.0,Monthly,No,Yes,1
1530,29.0,4.0,187.0,12.0,Yearly,No,Yes,1
1531,63.0,8.0,,12.0,Monthly,Yes,Yes,1
1532,30.0,49.0,462.0,,Monthly,Yes,Yes,0
1533,30.0,28.0,,,Monthly,Yes,Yes,0
1534,63.0,,39.0,2.0,Monthly,Yes,Yes,0
1535,34.0,52.0,190.0,2.0,Yearly,No,Yes,0
1536,,23.0,84.0,10.0,Yearly,No,Yes,0
1537,43.0,13.0,434.0,15.0,Monthly,Yes,Yes,0
1538,76.0,22.0,481.0,15.0,Monthly,No,No,0
1539,58.0,18.0,485.0,15.0,Yearly,Yes,Yes,0
1540,49.0,27.0,396.0,2.0,Monthly,Yes,Yes,0
1541,46.0,,103.0,6.0,Yearly,No,No,0
1542,,23.0,99.0,9.0,Monthly,Yes,No,0
1543,74.0,70.0,136.0,,Monthly,Yes,No,0
1544,,31.0,436.0,,Monthly,No,Yes,0
1545,69.0,45.0,27.0,3.0,Yearly,Yes,No,0
1546,41.0,38.0,218.0,7.0,Yearly,Yes,No,0
1547,27.0,,301.0,0.0,Monthly,Yes,Yes,0
1548,30.0,3.0,440.0,14.0,Monthly,Yes,Yes,1
1549,22.0,,128.0,3.0,Monthly,Yes,No,0
1550,37.0,16.0,200.0,13.0,Monthly,No,Yes,0
1551,47.0,,,4.0,Monthly,No,Yes,0
1552,33.0,50.0,59.0,2.0,Monthly,Yes,Yes,0
1553,80.0,18.0,,,Yearly,Yes,Yes,0
1554,59.0,45.0,259.0,3.0,Monthly,Yes,Yes,0
1555,,49.0,288.0,,Yearly,No,Yes,0
1556,57.0,67.0,119.0,15.0,Monthly,No,No,0
1557,18.0,,80.0,,Yearly,No,No,0
1558,77.0,66.0,291.0,9.0,Yearly,No,No,0
1559,,69.0,384.0,14.0,Yearly,No,Yes,0
1560,43.0,25.0,381.0,11.0,Monthly,Yes,Yes,0
1561,53.0,64.0,287.0,11.0,Monthly,No,Yes,0
1562,58.0,47.0,498.0,6.0,Yearly,Yes,Yes,0
1563,20.0,9.0,204.0,3.0,Monthly,No,No,0
1564,64.0,6.0,361.0,10.0,Monthly,Yes,No,1
1565,68.0,17.0,378.0,12.0,Yearly,Yes,Yes,0
1566,28.0,51.0,128.0,8.0,Monthly,Yes,Yes,0
1567,37.0,45.0,269.0,15.0,Monthly,No,No,0
1568,49.0,,203.0,9.0,Yearly,No,Yes,0
1569,37.0,31.0,336.0,5.0,Monthly,Yes,Yes,0
1570,35.0,,117.0,10.0,Monthly,No,Yes,0
1571,70.0,63.0,178.0,8.0,Monthly,Yes,No,0
1572,54.0,14.0,282.0,12.0,Monthly,No,Yes,0
1573,,10.0,266.0,4.0,Yearly,No,Yes,0
1574,56.0,59.0,43.0,8.0,Monthly,Yes,No,0
1575,29.0,66.0,249.0,13.0,Monthly,No,No,0
1576,,,156.0,10.0,Monthly,No,No,0
1577,36.0,,330.0,,Yearly,No,No,0
1578,73.0,37.0,347.0,10.0,Yearly,Yes,No,0
1579,35.0,15.0,314.0,12.0,Yearly,No,Yes,0
1580,58.0,50.0,201.0,4.0,Yearly,No,Yes,0
1581,48.0,56.0,66.0,9.0,Monthly,No,Yes,0
1582,67.0,28.0,365.0,11.0,Yearly,Yes,No,0
1583,29.0,17.0,468.0,15.0,Yearly,No,Yes,0
1584,68.0,50.0,94.0,14.0,Yearly,Yes,No,0
1585,71.0,18.0,187.0,15.0,Monthly,Yes,No,0
1586,38.0,18.0,240.0,10.0,Yearly,No,No,0
1587,63.0,39.0,192.0,4.0,Yearly,Yes,No,0
1588,47.0,31.0,281.0,5.0,Monthly,No,Yes,0
1589,61.0,,150.0,5.0,Yearly,Yes,Yes,0
1590,,59.0,308.0,15.0,Yearly,Yes,No,0
1591,38.0,52.0,236.0,14.0,Yearly,Yes,Yes,0
1592,51.0,54.0,461.0,4.0,Monthly,Yes,Yes,0
1593,71.0,,239.0,13.0,Monthly,No,Yes,0
1594,33.0,40.0,264.0,11.0,Yearly,No,No,0
1595,,,326.0,9.0,Monthly,No,Yes,0
1596,54.0,12.0,190.0,2.0,Monthly,Yes,No,0
1597,41.0,64.0,388.0,5.0,Monthly,No,Yes,0
1598,68.0,29.0,349.0,0.0,Monthly,Yes,No,0
1599,50.0,58.0,246.0,15.0,Monthly,Yes,No,0
1600,64.0,63.0,261.0,15.0,Yearly,No,No,0
1601,63.0,21.0,238.0,3.0,Monthly,No,Yes,0
1602,78.0,66.0,329.0,1.0,Monthly,No,Yes,0
1603,57.0,,32.0,8.0,Monthly,No,Yes,0
1604,49.0,15.0,56.0,5.0,Yearly,No,Yes,0
1605,64.0,64.0,459.0,9.0,Monthly,Yes,Yes,0
1606,51.0,71.0,58.0,13.0,Yearly,No,No,0
1607,,40.0,36.0,7.0,Monthly,Yes,Yes,0
1608,75.0,,269.0,12.0,Monthly,No,Yes,0
1609,32.0,62.0,437.0,,Monthly,No,No,0
1610,,19.0,105.0,10.0,Monthly,No,No,0
1611,44.0,8.0,219.0,0.0,Yearly,Yes,No,0
1612,,16.0,220.0,,Yearly,Yes,Yes,0
1613,68.0,46.0,177.0,0.0,Yearly,No,Yes,0
1614,,37.0,469.0,3.0,Yearly,No,No,0
1615,23.0,28.0,257.0,3.0,Monthly,No,Yes,0
1616,64.0,13.0,374.0,2.0,Monthly,No,Yes,0
1617,,26.0,444.0,,Monthly,No,Yes,0
1618,71.0,67.0,422.0,4.0,Yearly,Yes,No,0
1619,27.0,37.0,344.0,14.0,Monthly,Yes,No,0
1620,27.0,44.0,,13.0,Yearly,No,Yes,0
1621,75.0,52.0,292.0,5.0,Yearly,Yes,No,0
1622,,13.0,432.0,10.0,Monthly,Yes,No,0
1623,42.0,,70.0,,Yearly,No,No,1
1624,34.0,23.0,168.0,6.0,Monthly,No,Yes,0
1625,70.0,64.0,,1.0,Monthly,No,No,0
1626,,15.0,199.0,8.0,Monthly,No,Yes,0
1627,77.0,4.0,134.0,7.0,Yearly,Yes,Yes,1
1628,,29.0,393.0,6.0,Yearly,No,Yes,0
1629,77.0,16.0,83.0,11.0,Yearly,No,No,0
1630,36.0,61.0,464.0,4.0,Yearly,Yes,No,0
1631,56.0,48.0,406.0,1.0,Monthly,No,No,0
1632,34.0,,121.0,15.0,Monthly,Yes,Yes,0
1633,23.0,48.0,307.0,14.0,Yearly,No,Yes,0
1634,18.0,19.0,279.0,4.0,Monthly,No,No,0
1635,,,348.0,,Monthly,Yes,Yes,0
1636,53.0,,416.0,7.0,Yearly,No,No,0
1637,23.0,65.0,,,Yearly,No,No,0
1638,21.0,20.0,260.0,,Monthly,No,No,0
1639,47.0,44.0,133.0,14.0,Monthly,No,No,0
1640,55.0,62.0,324.0,1.0,Monthly,No,No,0
1641,79.0,20.0,446.0,4.0,Yearly,Yes,Yes,0
1642,39.0,,,13.0,Monthly,No,No,0
1643,54.0,70.0,47.0,10.0,Monthly,No,No,0
1644,,42.0,269.0,6.0,Monthly,Yes,Yes,0
1645,,27.0,437.0,4.0,Yearly,No,Yes,0
1646,72.0,61.0,355.0,2.0,Monthly,Yes,Yes,0
1647,74.0,7.0,243.0,14.0,Monthly,No,Yes,1
1648,33.0,49.0,35.0,11.0,Yearly,No,Yes,0
1649,74.0,59.0,291.0,1.0,Monthly,Yes,Yes,0
1650,67.0,11.0,298.0,8.0,Monthly,No,Yes,1
1651,23.0,3.0,191.0,6.0,Yearly,No,Yes,1
1652,,26.0,114.0,6.0,Yearly,Yes,Yes,0
1653,49.0,22.0,356.0,,Monthly,No,No,0
1654,77.0,43.0,316.0,6.0,Monthly,No,Yes,0
1655,47.0,60.0,54.0,11.0,Monthly,Yes,No,0
1656,43.0,68.0,,7.0,Monthly,No,No,0
1657,67.0,11.0,,3.0,Monthly,Yes,Yes,0
1658,53.0,21.0,305.0,6.0,Yearly,Yes,No,0
1659,63.0,4.0,484.0,14.0,Monthly,Yes,No,1
1660,38.0,56.0,303.0,12.0,Yearly,No,Yes,0
1661,30.0,26.0,394.0,8.0,Monthly,No,Yes,0
1662,50.0,49.0,329.0,12.0,Yearly,Yes,No,0
1663,27.0,38.0,194.0,13.0,Monthly,No,No,0
1664,,53.0,209.0,10.0,Monthly,Yes,No,0
1665,72.0,16.0,313.0,12.0,Yearly,Yes,No,0
1666,52.0,32.0,444.0,11.0,Yearly,No,No,0
1667,37.0,72.0,111.0,6.0,Yearly,No,No,0
1668,76.0,35.0,388.0,8.0,Monthly,No,Yes,0
1669,79.0,44.0,441.0,3.0,Yearly,Yes,No,0
1670,51.0,,99.0,6.0,Yearly,No,No,0
1671,71.0,67.0,,7.0,Monthly,No,Yes,0
1672,45.0,72.0,290.0,6.0,Monthly,No,Yes,0
1673,48.0,70.0,280.0,14.0,Yearly,No,Yes,0
1674,33.0,33.0,33.0,2.0,Monthly,No,Yes,0
1675,39.0,52.0,399.0,13.0,Yearly,Yes,No,0
1676,61.0,10.0,26.0,3.0,Monthly,No,No,0
1677,63.0,17.0,316.0,8.0,Monthly,Yes,No,0
1678,,6.0,311.0,14.0,Yearly,Yes,No,1
1679,,52.0,228.0,3.0,Yearly,No,Yes,0
1680,,62.0,478.0,7.0,Yearly,Yes,No,0
1681,80.0,3.0,37.0,1.0,Monthly,Yes,No,0
1682,46.0,27.0,408.0,,Monthly,No,No,0
1683,39.0,,170.0,0.0,Monthly,No,No,0
1684,39.0,39.0,408.0,1.0,Monthly,No,No,0
1685,56.0,44.0,43.0,6.0,Monthly,No,No,0
1686,53.0,58.0,338.0,,Yearly,No,No,0
1687,28.0,61.0,,15.0,Monthly,No,Yes,0
1688,31.0,72.0,22.0,3.0,Monthly,Yes,No,0
1689,69.0,27.0,328.0,10.0,Yearly,Yes,Yes,0
1690,54.0,28.0,28.0,10.0,Yearly,Yes,Yes,0
1691,44.0,53.0,65.0,,Yearly,Yes,Yes,0
1692,72.0,44.0,186.0,8.0,Yearly,Yes,Yes,0
1693,20.0,49.0,367.0,4.0,Monthly,No,Yes,0
1694,19.0,5.0,122.0,0.0,Yearly,No,Yes,0
1695,27.0,56.0,330.0,6.0,Yearly,No,No,0
1696,73.0,60.0,402.0,0.0,Yearly,Yes,Yes,0
1697,61.0,36.0,137.0,3.0,Yearly,No,No,0
1698,56.0,68.0,26.0,3.0,Monthly,Yes,Yes,0
1699,35.0,61.0,33.0,14.0,Yearly,No,Yes,0
1700,20.0,16.0,344.0,,Monthly,No,Yes,0
1701,58.0,29.0,146.0,15.0,Monthly,No,Yes,0
1702,75.0,43.0,489.0,0.0,Yearly,No,No,0
1703,65.0,49.0,148.0,2.0,Yearly,Yes,Yes,0
1704,63.0,,,8.0,Yearly,Yes,No,0
1705,24.0,40.0,487.0,3.0,Monthly,Yes,No,0
1706,54.0,34.0,372.0,1.0,Monthly,Yes,Yes,0
1707,44.0,43.0,161.0,14.0,Yearly,Yes,No,0
1708,,8.0,127.0,9.0,Yearly,No,Yes,1
1709,40.0,19.0,,6.0,Yearly,No,No,0
1710,73.0,67.0,474.0,15.0,Monthly,No,Yes,0
1711,42.0,50.0,,11.0,Monthly,No,Yes,0
1712,,45.0,318.0,4.0,Monthly,No,No,0
1713,26.0,22.0,164.0,,Yearly,No,No,0
1714,62.0,10.0,277.0,9.0,Yearly,No,Yes,1
1715,74.0,72.0,272.0,7.0,Yearly,Yes,Yes,0
1716,70.0,50.0,186.0,15.0,Monthly,Yes,No,0
1717,33.0,8.0,330.0,13.0,Yearly,No,Yes,1
1718,60.0,68.0,391.0,7.0,Yearly,No,No,0
1719,,65.0,257.0,3.0,Monthly,Yes,No,0
1720,72.0,52.0,451.0,10.0,Monthly,Yes,Yes,0
1721,59.0,,211.0,7.0,Yearly,No,Yes,0
1722,64.0,57.0,351.0,1.0,Monthly,Yes,No,0
1723,71.0,19.0,360.0,,Monthly,Yes,Yes,0
1724,58.0,71.0,170.0,7.0,Yearly,No,Yes,0
1725,33.0,,382.0,15.0,Yearly,No,Yes,1
1726,53.0,49.0,345.0,8.0,Monthly,No,No,0
1727,54.0,15.0,318.0,5.0,Monthly,Yes,Yes,0
1728,24.0,60.0,225.0,2.0,Monthly,No,No,0
1729,51.0,49.0,498.0,3.0,Monthly,No,Yes,0
1730,78.0,54.0,492.0,,Monthly,No,No,0
1731,61.0,46.0,48.0,3.0,Monthly,No,Yes,0
1732,43.0,14.0,460.0,2.0,Yearly,No,Yes,0
1733,39.0,68.0,73.0,,Monthly,No,Yes,0
1734,80.0,,62.0,,Yearly,Yes,No,0
1735,66.0,51.0,438.0,4.0,Monthly,No,Yes,0
1736,44.0,46.0,28.0,11.0,Yearly,Yes,No,0
1737,,48.0,217.0,11.0,Yearly,Yes,Yes,0
1738,54.0,64.0,315.0,13.0,Monthly,Yes,Yes,0
1739,80.0,36.0,73.0,8.0,Monthly,No,Yes,0
1740,23.0,27.0,216.0,13.0,Monthly,Yes,No,0
1741,66.0,61.0,182.0,5.0,Monthly,Yes,Yes,0
1742,,42.0,66.0,9.0,Monthly,Yes,No,0
1743,,56.0,249.0,11.0,Monthly,No,No,0
1744,42.0,59.0,56.0,3.0,Yearly,No,Yes,0
1745,27.0,42.0,69.0,15.0,Monthly,No,No,0
1746,80.0,,35.0,13.0,Monthly,No,Yes,0
1747,69.0,17.0,,,Yearly,No,Yes,0
1748,67.0,44.0,108.0,15.0,Monthly,No,Yes,0
1749,52.0,53.0,293.0,11.0,Yearly,No,No,0
1750,69.0,6.0,33.0,0.0,Yearly,No,No,0
1751,,,128.0,,Monthly,Yes,Yes,0
1752,66.0,5.0,31.0,12.0,Yearly,No,No,1
1753,37.0,56.0,71.0,4.0,Yearly,Yes,No,0
1754,70.0,,213.0,6.0,Yearly,Yes,Yes,0
1755,39.0,72.0,423.0,13.0,Yearly,No,Yes,0
1756,57.0,23.0,396.0,13.0,Yearly,Yes,Yes,0
1757,65.0,52.0,204.0,1.0,Monthly,Yes,No,0
1758,,26.0,368.0,,Monthly,No,No,0
1759,71.0,46.0,272.0,0.0,Monthly,No,Yes,0
1760,79.0,32.0,80.0,2.0,Yearly,No,No,0
1761,64.0,53.0,100.0,,Yearly,Yes,Yes,0
1762,,,220.0,8.0,Yearly,Yes,No,0
1763,35.0,29.0,107.0,2.0,Yearly,Yes,Yes,0
1764,65.0,32.0,394.0,7.0,Yearly,Yes,Yes,0
1765,18.0,4.0,464.0,10.0,Monthly,No,Yes,1
1766,68.0,31.0,479.0,6.0,Yearly,No,Yes,0
1767,29.0,41.0,241.0,11.0,Monthly,No,No,0
1768,24.0,50.0,408.0,13.0,Yearly,Yes,No,0
1769,68.0,57.0,200.0,,Yearly,Yes,Yes,0
1770,76.0,15.0,422.0,12.0,Yearly,No,No,0
1771,62.0,22.0,240.0,2.0,Yearly,No,Yes,0
1772,73.0,41.0,124.0,6.0,Monthly,No,Yes,0
1773,67.0,65.0,183.0,7.0,Monthly,Yes,Yes,0
1774,43.0,62.0,403.0,5.0,Yearly,No,Yes,0
1775,56.0,56.0,66.0,4.0,Yearly,Yes,Yes,0
1776,21.0,30.0,375.0,15.0,Yearly,Yes,Yes,0
1777,25.0,1.0,99.0,1.0,Monthly,Yes,Yes,0
1778,76.0,46.0,384.0,6.0,Monthly,No,No,0
1779,55.0,54.0,239.0,9.0,Monthly,No,No,0
1780,37.0,61.0,236.0,,Monthly,No,Yes,0
1781,51.0,52.0,490.0,14.0,Monthly,Yes,No,0
1782,53.0,4.0,201.0,1.0,Monthly,Yes,No,0
1783,56.0,30.0,,7.0,Monthly,Yes,No,0
1784,21.0,,322.0,0.0,Yearly,No,Yes,0
1785,21.0,69.0,276.0,,Yearly,No,No,0
1786,60.0,65.0,175.0,4.0,Monthly,Yes,No,0
1787,67.0,39.0,169.0,8.0,Monthly,No,Yes,0
1788,55.0,13.0,,4.0,Monthly,Yes,Yes,0
1789,47.0,40.0,357.0,4.0,Monthly,No,No,0
1790,37.0,65.0,271.0,13.0,Yearly,No,No,0
1791,63.0,72.0,208.0,10.0,Yearly,Yes,No,0
1792,29.0,41.0,333.0,,Monthly,No,No,0
1793,34.0,37.0,119.0,5.0,Monthly,No,Yes,0
1794,43.0,9.0,377.0,3.0,Yearly,No,No,0
1795,61.0,60.0,140.0,9.0,Monthly,Yes,Yes,0
1796,34.0,31.0,181.0,4.0,Yearly,Yes,No,0
1797,71.0,16.0,,9.0,Yearly,Yes,No,0
1798,74.0,,,8.0,Yearly,No,Yes,0
1799,43.0,33.0,,0.0,Monthly,No,No,0
1800,,6.0,243.0,4.0,Yearly,No,No,0
1801,55.0,23.0,409.0,3.0,Yearly,Yes,No,0
1802,50.0,22.0,114.0,2.0,Yearly,No,No,0
1803,66.0,62.0,56.0,5.0,Yearly,No,No,0
1804,42.0,70.0,225.0,0.0,Yearly,Yes,No,0
1805,69.0,5.0,,8.0,Yearly,Yes,Yes,1
1806,,38.0,53.0,6.0,Yearly,Yes,Yes,0
1807,49.0,48.0,,11.0,Yearly,No,Yes,0
1808,37.0,23.0,293.0,13.0,Monthly,No,No,0
1809,61.0,45.0,387.0,3.0,Monthly,No,Yes,0
1810,29.0,2.0,358.0,5.0,Monthly,No,No,0
1811,25.0,4.0,236.0,1.0,Monthly,No,Yes,0
1812,77.0,5.0,258.0,7.0,Monthly,No,Yes,1
1813,38.0,65.0,,12.0,Monthly,Yes,Yes,0
1814,62.0,55.0,478.0,1.0,Monthly,No,Yes,0
1815,76.0,41.0,202.0,15.0,Monthly,Yes,Yes,0
1816,,21.0,434.0,7.0,Monthly,Yes,Yes,0
1817,41.0,37.0,265.0,6.0,Monthly,Yes,Yes,0
1818,52.0,6.0,339.0,14.0,Monthly,Yes,No,1
1819,71.0,1.0,,10.0,Yearly,Yes,Yes,1
1820,,10.0,455.0,9.0,Yearly,No,No,1
1821,23.0,8.0,477.0,10.0,Monthly,No,No,1
1822,,9.0,143.0,14.0,Monthly,No,Yes,1
1823,35.0,53.0,493.0,6.0,Yearly,Yes,No,0
1824,18.0,32.0,212.0,2.0,Monthly,Yes,No,0
1825,80.0,57.0,190.0,14.0,Yearly,No,No,0
1826,62.0,4.0,486.0,7.0,Yearly,No,No,1
1827,58.0,19.0,66.0,1.0,Yearly,No,Yes,0
1828,33.0,66.0,102.0,7.0,Monthly,Yes,Yes,0
1829,29.0,35.0,33.0,10.0,Yearly,Yes,Yes,0
1830,73.0,,74.0,9.0,Monthly,No,No,0
1831,41.0,29.0,191.0,7.0,Monthly,Yes,Yes,0
1832,51.0,27.0,,2.0,Yearly,Yes,Yes,0
1833,26.0,14.0,129.0,,Monthly,Yes,Yes,0
1834,50.0,58.0,337.0,3.0,Yearly,Yes,No,0
1835,46.0,38.0,101.0,7.0,Monthly,No,Yes,0
1836,27.0,50.0,216.0,12.0,Monthly,Yes,Yes,0
1837,,4.0,55.0,10.0,Monthly,No,No,1
1838,67.0,28.0,457.0,14.0,Yearly,No,Yes,0
1839,39.0,38.0,322.0,15.0,Monthly,No,Yes,0
1840,73.0,45.0,479.0,,Yearly,No,No,0
1841,,,149.0,5.0,Yearly,No,No,0
1842,79.0,46.0,197.0,3.0,Monthly,Yes,Yes,0
1843,53.0,15.0,99.0,13.0,Yearly,Yes,Yes,0
1844,72.0,39.0,355.0,2.0,Monthly,No,No,0
1845,,68.0,483.0,14.0,Yearly,No,No,0
1846,56.0,44.0,149.0,,Yearly,Yes,No,0
1847,59.0,9.0,52.0,6.0,Yearly,Yes,Yes,1
1848,,70.0,204.0,6.0,Monthly,Yes,No,0
1849,,42.0,222.0,2.0,Yearly,No,No,0
1850,24.0,,444.0,,Yearly,No,No,0
1851,25.0,35.0,250.0,8.0,Monthly,No,No,0
1852,39.0,,422.0,11.0,Monthly,Yes,Yes,0
1853,73.0,39.0,21.0,4.0,Yearly,Yes,Yes,0
1854,51.0,27.0,200.0,7.0,Monthly,No,Yes,0
1855,43.0,47.0,192.0,14.0,Monthly,No,Yes,0
1856,21.0,28.0,147.0,6.0,Monthly,Yes,No,0
1857,20.0,22.0,35.0,1.0,Yearly,No,No,0
1858,52.0,55.0,160.0,7.0,Yearly,No,No,0
1859,50.0,65.0,,5.0,Yearly,No,No,0
1860,79.0,2.0,324.0,14.0,Yearly,Yes,No,1
1861,18.0,31.0,393.0,12.0,Yearly,Yes,Yes,0
1862,35.0,40.0,,10.0,Monthly,No,No,0
1863,,6.0,243.0,7.0,Monthly,Yes,No,1
1864,,54.0,228.0,12.0,Yearly,Yes,No,0
1865,,53.0,487.0,11.0,Yearly,Yes,Yes,0
1866,55.0,36.0,53.0,8.0,Yearly,Yes,Yes,0
1867,67.0,12.0,353.0,3.0,Yearly,Yes,Yes,0
1868,62.0,41.0,416.0,,Yearly,Yes,No,0
1869,53.0,54.0,183.0,9.0,Monthly,No,Yes,0
1870,26.0,54.0,147.0,2.0,Yearly,No,No,0
1871,73.0,13.0,339.0,,Monthly,No,Yes,0
1872,53.0,32.0,333.0,2.0,Monthly,No,Yes,0
1873,63.0,,322.0,9.0,Yearly,Yes,Yes,0
1874,22.0,62.0,292.0,11.0,Monthly,No,Yes,0
1875,18.0,34.0,335.0,10.0,Yearly,No,Yes,0
1876,23.0,66.0,370.0,15.0,Yearly,No,Yes,0
1877,49.0,26.0,484.0,,Monthly,Yes,Yes,0
1878,23.0,57.0,297.0,7.0,Yearly,Yes,Yes,0
1879,25.0,26.0,173.0,13.0,Yearly,No,Yes,0
1880,65.0,44.0,82.0,11.0,Yearly,Yes,No,0
1881,,5.0,88.0,2.0,Yearly,No,No,0
1882,23.0,4.0,174.0,5.0,Monthly,No,Yes,0
1883,64.0,,222.0,1.0,Yearly,Yes,Yes,0
1884,27.0,51.0,496.0,,Monthly,No,No,0
1885,47.0,,177.0,,Yearly,Yes,No,0
1886,67.0,8.0,400.0,8.0,Monthly,No,Yes,1
1887,32.0,58.0,281.0,10.0,Yearly,Yes,No,0
1888,59.0,7.0,472.0,1.0,Yearly,No,No,0
1889,77.0,4.0,200.0,9.0,Monthly,Yes,No,1
1890,45.0,16.0,201.0,0.0,Monthly,No,No,0
1891,68.0,60.0,88.0,,Yearly,Yes,Yes,0
1892,42.0,20.0,78.0,14.0,Yearly,Yes,Yes,0
1893,78.0,29.0,479.0,6.0,Yearly,No,Yes,0
1894,18.0,55.0,120.0,,Monthly,No,No,0
1895,74.0,6.0,287.0,15.0,Yearly,Yes,No,1
1896,70.0,57.0,227.0,6.0,Yearly,Yes,No,0
1897,59.0,59.0,480.0,5.0,Monthly,Yes,Yes,0
1898,72.0,16.0,284.0,2.0,Monthly,Yes,Yes,0
1899,53.0,66.0,107.0,0.0,Monthly,No,No,0
1900,52.0,58.0,158.0,8.0,Monthly,No,No,0
1901,21.0,29.0,81.0,12.0,Yearly,Yes,Yes,0
1902,20.0,4.0,298.0,0.0,Monthly,No,No,0
1903,54.0,,382.0,9.0,Monthly,No,No,1
1904,51.0,69.0,251.0,1.0,Yearly,Yes,No,0
1905,79.0,57.0,237.0,,Yearly,Yes,No,0
1906,75.0,24.0,477.0,5.0,Yearly,Yes,No,0
1907,77.0,34.0,346.0,9.0,Monthly,No,Yes,0
1908,53.0,63.0,378.0,5.0,Yearly,No,No,0
1909,35.0,,120.0,11.0,Yearly,Yes,Yes,1
1910,,52.0,370.0,4.0,Monthly,No,Yes,0
1911,51.0,48.0,384.0,10.0,Yearly,Yes,No,0
1912,50.0,26.0,206.0,1.0,Monthly,Yes,No,0
1913,44.0,33.0,164.0,4.0,Yearly,Yes,Yes,0
1914,63.0,61.0,208.0,2.0,Monthly,No,No,0
1915,44.0,24.0,358.0,8.0,Yearly,Yes,No,0
1916,20.0,29.0,24.0,14.0,Monthly,No,No,0
1917,30.0,9.0,136.0,15.0,Monthly,No,Yes,1
1918,79.0,64.0,429.0,2.0,Yearly,Yes,No,0
1919,42.0,62.0,64.0,12.0,Yearly,No,Yes,0
1920,26.0,17.0,209.0,6.0,Monthly,No,No,0
1921,54.0,1.0,498.0,12.0,Monthly,Yes,No,1
1922,66.0,15.0,80.0,5.0,Monthly,Yes,No,0
1923,51.0,1.0,430.0,14.0,Yearly,No,Yes,1
1924,80.0,5.0,326.0,6.0,Monthly,Yes,No,1
1925,80.0,7.0,136.0,8.0,Monthly,Yes,Yes,1
1926,57.0,55.0,159.0,,Monthly,Yes,No,0
1927,24.0,,437.0,11.0,Monthly,No,Yes,0
1928,72.0,54.0,404.0,14.0,Monthly,Yes,Yes,0
1929,56.0,59.0,,1.0,Yearly,No,Yes,0
1930,23.0,17.0,158.0,14.0,Monthly,Yes,Yes,0
1931,42.0,72.0,,5.0,Monthly,Yes,No,0
1932,41.0,38.0,378.0,5.0,Yearly,No,No,0
1933,79.0,47.0,140.0,3.0,Yearly,No,Yes,0
1934,59.0,,69.0,13.0,Yearly,No,Yes,1
1935,36.0,64.0,431.0,8.0,Monthly,No,No,0
1936,60.0,25.0,264.0,5.0,Monthly,Yes,No,0
1937,55.0,,296.0,10.0,Yearly,No,Yes,1
1938,74.0,31.0,92.0,6.0,Yearly,Yes,Yes,0
1939,39.0,39.0,492.0,9.0,Monthly,No,No,0
1940,35.0,45.0,243.0,1.0,Yearly,No,Yes,0
1941,76.0,70.0,489.0,6.0,Yearly,No,No,0
1942,35.0,54.0,159.0,8.0,Yearly,No,Yes,0
1943,38.0,48.0,44.0,8.0,Monthly,Yes,Yes,0
1944,34.0,34.0,59.0,6.0,Yearly,Yes,No,0
1945,47.0,36.0,76.0,4.0,Yearly,No,Yes,0
1946,58.0,25.0,,10.0,Yearly,No,No,0
1947,52.0,46.0,62.0,11.0,Monthly,Yes,No,0
1948,49.0,64.0,432.0,9.0,Monthly,No,Yes,0
1949,52.0,70.0,47.0,2.0,Yearly,No,Yes,0
1950,58.0,46.0,169.0,10.0,Yearly,No,No,0
1951,19.0,60.0,104.0,3.0,Yearly,No,No,0
1952,19.0,21.0,469.0,0.0,Monthly,No,No,0
1953,52.0,35.0,,,Monthly,No,No,0
1954,56.0,35.0,311.0,1.0,Yearly,Yes,Yes,0
1955,24.0,46.0,35.0,4.0,Monthly,No,Yes,0
1956,45.0,3.0,358.0,,Yearly,Yes,Yes,1
1957,41.0,23.0,375.0,13.0,Monthly,Yes,No,0
1958,66.0,62.0,453.0,10.0,Monthly,No,No,0
1959,24.0,,151.0,,Monthly,Yes,Yes,0
1960,41.0,7.0,255.0,8.0,Yearly,No,Yes,1
1961,60.0,20.0,278.0,4.0,Yearly,Yes,No,0
1962,24.0,48.0,62.0,15.0,Yearly,No,Yes,0
1963,35.0,60.0,457.0,15.0,Monthly,No,Yes,0
1964,48.0,14.0,137.0,0.0,Yearly,No,No,0
1965,,47.0,285.0,2.0,Yearly,Yes,No,0
1966,69.0,31.0,43.0,8.0,Yearly,No,Yes,0
1967,30.0,41.0,497.0,1.0,Monthly,No,No,0
1968,29.0,2.0,244.0,2.0,Monthly,No,No,0
1969,73.0,27.0,60.0,6.0,Yearly,No,Yes,0
1970,57.0,36.0,336.0,0.0,Monthly,No,No,0
1971,35.0,40.0,288.0,6.0,Monthly,No,No,0
1972,57.0,8.0,195.0,12.0,Monthly,No,Yes,1
1973,71.0,,265.0,12.0,Monthly,No,No,0
1974,66.0,58.0,279.0,2.0,Yearly,Yes,No,0
1975,35.0,27.0,205.0,,Yearly,No,Yes,0
1976,33.0,72.0,,1.0,Monthly,No,No,0
1977,65.0,47.0,376.0,,Yearly,No,No,0
1978,45.0,36.0,162.0,6.0,Yearly,No,No,0
1979,69.0,54.0,450.0,15.0,Yearly,No,No,0
1980,,,,14.0,Monthly,No,No,0
1981,78.0,18.0,297.0,,Yearly,No,Yes,0
1982,49.0,33.0,58.0,10.0,Yearly,No,No,0
1983,20.0,60.0,270.0,0.0,Monthly,No,No,0
1984,59.0,28.0,436.0,13.0,Yearly,No,No,0
1985,75.0,16.0,282.0,4.0,Yearly,No,No,0
1986,72.0,57.0,260.0,1.0,Yearly,Yes,No,0
1987,69.0,26.0,81.0,14.0,Monthly,No,Yes,0
1988,77.0,35.0,227.0,13.0,Monthly,No,Yes,0
1989,61.0,23.0,442.0,12.0,Yearly,Yes,No,0
1990,33.0,44.0,204.0,6.0,Monthly,No,No,0
1991,56.0,17.0,122.0,11.0,Monthly,Yes,No,0
1992,28.0,58.0,422.0,5.0,Monthly,Yes,Yes,0
1993,22.0,70.0,124.0,11.0,Yearly,Yes,No,0
1994,50.0,16.0,470.0,14.0,Yearly,No,Yes,0
1995,48.0,20.0,,3.0,Yearly,No,No,0
1996,57.0,35.0,,15.0,Yearly,No,No,0
1997,44.0,43.0,338.0,7.0,Yearly,Yes,No,0
1998,76.0,17.0,63.0,5.0,Monthly,Yes,No,0
1999,58.0,3.0,407.0,11.0,Yearly,No,No,1
